{
    "title": "Create AboutUs",
    "jsonPage": "viewAboutUs",
    "desciption": "",
    "pageType": "create",
    "fields": [{
        "name": "name",
        "type": "text",
        "tableRef": "name",
        "placeholder": "Enter name",
        "id": "input1",
        "validation": ["required", "trim", "unique"],
        "url": ""
    },{
    "name": "Banner",
    "type": "image",
    "tableRef": "banner",
    "option": "single",
    "size":"1920 X 963..",
    "placeholder": "Enter Banner",
    "id": "input1",
    "validation": ["required", "trim", "unique"],
    "url": ""
    },{
        "name": "Description",
        "type": "tinymceImage",
        "tableRef": "description",
        "placeholder": "Enter Description",
        "id": "input1",
        "validation": ["required", "trim", "unique"],
        "url": ""
    },{
        "name": "Status",
        "type": "select",
        "tableRef": "status",
        "placeholder": "Enter status",
        "id": "input3",
        "validation": ["required", "trim", "unique"],
        "url": [{
            "value": true,
            "name": "Enable"
        }, {
            "value": false,
            "name": "Disable"
        }]
    }],
    "action": [{
        "name": "submit",
        "action": "submitUser"
    }, {
        "name": "cancel",
        "stateName": "page({jsonName:'viewAboutUs'})"
    }],

    "apiCall": {
        "url": "AboutUs/save"
    }
}
