{
    "title": "Create HomeSlider",
    "jsonPage": "viewHomeSlider",
    "desciption": "",
    "pageType": "create",
    "fields": [{
        "name": "Image",
        "type": "image",
        "tableRef": "image",
        "option": "single",
        "size": "1920 x 670",
        "placeholder": "Enter Image",
        "id": "input1",
        "validation": ["required", "trim", "unique"],
        "url": ""
    },{
        "name": "URL",
        "type": "text",
        "tableRef": "url",
        "placeholder": "Enter URL",
        "id": "input1",
        "validation": ["required", "trim", "unique"],
        "url": ""
    }, {
        "name": "Status",
        "type": "select",
        "tableRef": "status",
        "placeholder": "Enter status",
        "id": "input3",
        "validation": ["required", "trim", "unique"],
        "url": [{
            "value": true,
            "name": "Enable"
        }, {
            "value": false,
            "name": "Disable"
        }]
    }],
    "action": [{
        "name": "submit",
        "action": "submitUser"
    }, {
        "name": "cancel",
        "stateName": "page({jsonName:'viewHomeSlider'})"
    }],

    "apiCall": {
        "url": "HomeSlider/save"
    }
}
