{
    "title": "Create HomeCategory",
    "jsonPage": "viewHomeCategory",
    "desciption": "",
    "pageType": "create",
    "urlFields": ["Home"],
    "fields": [{
        "name": "Category",
        "type": "selectFromTable",
        "option": "single",
        "tableRef": "Category",
        "dropDownName":"name",
        "placeholder": "Enter Category",
        "id": "input1",
        "validation": ["required", "trim", "unique"],
        "url": "Category/search"
    },{
        "name": "Image",
        "type": "image",
        "size": "413 x 413...",
        "option": "single",
        "tableRef": "image",
        "placeholder": "Enter Image",
        "id": "input1",
        "validation": ["required", "trim", "unique"],
        "url": ""
    }],
    "action": [{
        "name": "submit",
        "action": "submitHomeCategory"
    }, {
        "name": "cancel",
        "stateName": "page({jsonName:'viewHomeCategory'})"
    }],
    "apiCall": {
        "url": "Home/saveHomeCategory"
    }
}
