{
    "title": "Create Videos",
    "jsonPage": "viewVideos",
    "desciption": "",
    "pageType": "create",
    "urlFields": ["WhatsHot"],
    "fields": [{
        "name": "URL",
        "type": "text",
        "tableRef": "url",
        "placeholder": "Enter URL",
        "id": "input1",
        "validation": ["required", "trim", "unique"],
        "url": ""
    },{
        "name": "Thumbnail",
        "type": "image",
        "option":"single",
        "size": "351 X 239",
        "tableRef": "thumbnail",
        "placeholder": "Enter Thumbnail Image",
        "id": "input1",
        "validation": ["required", "trim", "unique"],
        "url": ""
    },{
        "name": "Status",
        "type": "select",
        "tableRef": "status",
        "placeholder": "Enter status",
        "id": "input3",
        "validation": ["required", "trim", "unique"],
        "url": [{
            "value": true,
            "name": "Enable"
        }, {
            "value": false,
            "name": "Disable"
        }]
    }],
    "action": [{
        "name": "submit",
        "action": "submitVideos"
    }, {
        "name": "cancel",
        "stateName": "page({jsonName:'viewVideos'})"
    }],

    "apiCall": {
        "url": "WhatsHot/saveVideos"
    }
}
