{
    "title": "Create Home",
    "jsonPage": "viewHome",
    "desciption": "",
    "pageType": "create",
    "fields": [{
        "name": "Banner Name",
        "type": "text",
        "tableRef": "name",
        "placeholder": "Enter URL",
        "id": "input1",
        "validation": ["required", "trim", "unique"],
        "url": ""
    },{
        "name": "Banner",
        "type": "image",
        "tableRef": "banner",
        "option": "single",
        "size": "1920 x 670...",
        "placeholder": "Enter Image",
        "id": "input1",
        "validation": ["required", "trim", "unique"],
        "url": ""
    },{
        "name": "Image Name",
        "type": "text",
        "tableRef": "imgname",
        "placeholder": "Enter URL",
        "id": "input1",
        "validation": ["required", "trim", "unique"],
        "url": ""
    },{
        "name": "Image",
        "type": "image",
        "tableRef": "image",
        "option": "single",
        "size": "1920 x 670...",
        "placeholder": "Enter Image",
        "id": "input1",
        "validation": ["required", "trim", "unique"],
        "url": ""
    },{
        "name": "Description",
        "type": "tinymce",
        "tableRef": "description",
        "placeholder": "Enter URL",
        "id": "input1",
        "validation": ["required", "trim", "unique"],
        "url": ""

    }],
    "action": [{
        "name": "submit",
        "action": "submitUser"
    }, {
        "name": "cancel",
        "stateName": "page({jsonName:'viewHome'})"
    }],

    "apiCall": {
        "url": "Home/save"
    }
}
