{
    "title": "Edit Home",
    "jsonPage": "viewHome",
    "desciption": "",
    "pageType": "edit",
    "urlFields": ["_id"],
    "fields": [{
        "name": "Id",
        "type": "hidden",
        "tableRef": "_id",
        "placeholder": "Enter name",
        "id": "input1",
        "validation": ["required", "trim", "unique"],
        "url": "",
        "model": "_id"
    },{
        "name": "Banner Name",
        "type": "text",
        "tableRef": "name",
        "placeholder": "Enter URL",
        "id": "input1",
        "validation": ["required", "trim", "unique"],
        "url": "",
        "model": "name"
    },{
        "name": "Banner",
        "type": "image",
        "tableRef": "banner",
        "option": "single",
        "size": "1920 x 670...",
        "placeholder": "Enter Image",
        "id": "input1",
        "validation": ["required", "trim", "unique"],
        "url": "",
        "model": "banner"
    },{
        "name": "Image Name",
        "type": "text",
        "tableRef": "imgname",
        "placeholder": "Enter URL",
        "id": "input1",
        "validation": ["required", "trim", "unique"],
        "url": "",
        "model": "imgname"
    },{
        "name": "Image",
        "type": "image",
        "tableRef": "image",
        "option": "single",
        "size": "1920 x 670...",
        "placeholder": "Enter Image",
        "id": "input1",
        "validation": ["required", "trim", "unique"],
        "url": "",
        "model": "image"
    },{
        "name": "Description",
        "type": "tinymce",
        "tableRef": "description",
        "placeholder": "Enter URL",
        "id": "input1",
        "validation": ["required", "trim", "unique"],
        "url": "",
        "model": "description"
    }],

    "action": [{
        "name": "submit",
        "action": "submitHome"
    }, {
        "name": "cancel",
        "stateName": "page({jsonName:'viewHome'})"
    }],
    "apiCall": {
        "url": "Home/save",
        "params": "_id"
    },
    "preApi": {
        "url": "Home/getOne",
        "params": "_id"
    }
}
