{
    "title": "Edit Category",
    "jsonPage": "viewCategory",
    "desciption": "",
    "pageType": "edit",
    "urlFields": ["_id"],
    "fields": [{
        "name": "Id",
        "type": "hidden",
        "tableRef": "_id",
        "placeholder": "Enter name",
        "id": "input1",
        "validation": ["required", "trim", "unique"],
        "url": "",
        "model": "_id"
    },{
        "name": "name",
        "type": "text",
        "tableRef": "name",
        "placeholder": "Enter name",
        "id": "input1",
        "validation": ["required", "trim", "unique"],
        "url": "",
        "model": "name"
    }, {
        "name": "Description",
        "type": "tinymce",
        "tableRef": "description",
        "model": "description",
        "placeholder": "Enter Description",
        "id": "input1",
        "validation": ["required", "trim", "unique"],
        "url": ""
    },{
            "name": "Color",
            "type": "text",
            "tableRef": "color",
            "model": "color",
            "placeholder": "Enter color",
            "id": "input1",
            "validation": ["required", "trim", "unique"],
            "url": ""
        },{
        "name": "Image",
        "type": "image",
        "tableRef": "image",
        "model": "image",
        "option": "single",
        "size":"1920 X 963",
        "placeholder": "Enter Image",
        "id": "input1",
        "validation": ["required", "trim", "unique"],
        "url": ""
    },{
        "name": "Mobile Image",
        "type": "image",
        "tableRef": "image1",
        "model": "image1",
        "option": "single",
        "size":"1080 X 920",
        "placeholder": "Enter Mobile Image",
        "id": "input1",
        "validation": ["required", "trim", "unique"],
        "url": ""
    },{
        "name": "Status",
        "type": "select",
        "tableRef": "status",
        "placeholder": "Enter status",
        "id": "input3",
        "model": "status",
        "validation": ["required", "trim", "unique"],
        "url": [{
            "value": true,
            "name": "Enable"
        }, {
            "value": false,
            "name": "Disable"
        }]
    }],
    "action": [{
        "name": "submit",
        "action": "submitTags"
    }, {
        "name": "cancel",
        "stateName": "page({jsonName:'viewCategory'})"
    }],
    "apiCall": {
        "url": "Category/savedata",
        "params": "_id"
    },
    "preApi": {
        "url": "Category/getOne",
        "params": "_id"
    }
}
