{
    "title": "Edit City",
    "jsonPage": "viewCity",
    "desciption": "",
    "pageType": "edit",
    "urlFields": ["_id"],
    "fields": [{
        "name": "Id",
        "type": "hidden",
        "tableRef": "_id",
        "placeholder": "Enter name",
        "id": "input1",
        "validation": ["required", "trim", "unique"],
        "url": "",
        "model": "_id"
    },{
        "name": "City Name",
        "type": "text",
        "tableRef": "cityName",
        "placeholder": "Enter City Name",
        "id": "input1",
        "validation": ["required", "trim", "unique"],
        "url": "",
        "model": "cityName"
    },{
        "name": "Country Name",
        "type": "text",
        "tableRef": "country",
        "placeholder": "Enter City Name",
        "id": "input1",
        "validation": ["required", "trim", "unique"],
        "url": "",
        "model": "country"
    }, {
        "name": "Content",
        "type": "tinymce",
        "tableRef": "content",
        "model": "content",
        "placeholder": "Enter Description",
        "id": "input1",
        "validation": ["required", "trim", "unique"],
        "url": ""
    },{
        "name": "Image",
        "type": "image",
        "tableRef": "image",
        "model": "image",
        "option": "single",
        "size":"1920 X 963",
        "placeholder": "Enter Image",
        "id": "input1",
        "validation": ["required", "trim", "unique"],
        "url": ""
    },{
        "name": "Status",
        "type": "select",
        "tableRef": "status",
        "placeholder": "Enter status",
        "id": "input3",
        "model": "status",
        "validation": ["required", "trim", "unique"],
        "url": [{
            "value": true,
            "name": "Enable"
        }, {
            "value": false,
            "name": "Disable"
        }]
    }],
    "action": [{
        "name": "submit",
        "action": "submitCIty"
    }, {
        "name": "cancel",
        "stateName": "page({jsonName:'viewCity'})"
    }],
    "apiCall": {
        "url": "City/save",
        "params": "_id"
    },
    "preApi": {
        "url": "City/getOne",
        "params": "_id"
    }
}
