{
    "title": "Edit PopularPost",
    "jsonPage": "viewPopularPost",
    "desciption": "",
    "pageType": "edit",
    "urlFields": ["_id"],
    "fields": [{
        "name": "Id",
        "type": "hidden",
        "tableRef": "_id",
        "placeholder": "Enter name",
        "id": "input1",
        "validation": ["required", "trim", "unique"],
        "url": "",
        "model": "_id"
    },{
        "name": "name",
        "type": "text",
        "tableRef": "name",
        "placeholder": "Enter name",
        "id": "input1",
        "validation": ["required", "trim", "unique"],
        "url": "",
        "model": "name"
    },{
        "name": "Image",
        "type": "image",
        "tableRef": "image",
        "placeholder": "Enter name",
        "id": "input1",
        "validation": ["required", "trim", "unique"],
        "url": "",
        "model": "image"
    },{
        "name": "Date",
        "type": "date",
        "tableRef": "date",
        "placeholder": "Enter Date",
        "id": "input1",
        "validation": ["required", "trim", "unique"],
        "url": "",
        "model": "date"
    },{
        "name": "Status",
        "type": "select",
        "tableRef": "status",
        "placeholder": "Enter status",
        "id": "input3",
        "model": "status",
        "validation": ["required", "trim", "unique"],
        "url": [{
            "value": true,
            "name": "Enable"
        }, {
            "value": false,
            "name": "Disable"
        }]
    }],
        "action": [{
            "name": "submit",
            "action": "submitDoctor"
        }, {
            "name": "cancel",
            "stateName": "page({jsonName:'viewPopularPost'})"
        }],
    "apiCall": {
        "url": "PopularPost/savedata",
        "params": "_id"
    },
    "preApi": {
        "url": "PopularPost/getOne",
        "params": "_id"
    }
}
