{
    "title": "Edit HomeSlider",
    "jsonPage": "viewHomeSlider",
    "desciption": "",
    "pageType": "edit",
    "urlFields": ["_id"],
    "fields": [{
        "name": "Id",
        "type": "hidden",
        "tableRef": "_id",
        "placeholder": "Enter name",
        "id": "input1",
        "validation": ["required", "trim", "unique"],
        "url": "",
        "model": "_id"
    },{
        "name": "Image",
        "type": "image",
        "tableRef": "image",
        "option": "single",
        "size": "1920 x 670",
        "placeholder": "Enter Image",
        "id": "input1",
        "validation": ["required", "trim", "unique"],
        "url": "",
        "model": "image"
    },{
        "name": "URL",
        "type": "text",
        "tableRef": "url",
        "placeholder": "Enter URL",
        "id": "input1",
        "validation": ["required", "trim", "unique"],
        "url": "",
        "model": "url"
    },{
        "name": "Status",
        "type": "select",
        "tableRef": "status",
        "placeholder": "Enter status",
        "id": "input3",
        "model": "status",
        "validation": ["required", "trim", "unique"],
        "url": [{
            "value": true,
            "name": "Enable"
        }, {
            "value": false,
            "name": "Disable"
        }]
    }],

    "action": [{
        "name": "submit",
        "action": "submitHomeSlider"
    }, {
        "name": "cancel",
        "stateName": "page({jsonName:'viewHomeSlider'})"
    }],
    "apiCall": {
        "url": "HomeSlider/save",
        "params": "_id"
    },
    "preApi": {
        "url": "HomeSlider/getOne",
        "params": "_id"
    }
}
