{
    "title": "Edit Content",
    "jsonPage": "viewContent",
    "desciption": "",
    "pageType": "edit",
    "urlFields": ["_id"],
    "fields": [{
        "name": "Id",
        "type": "hidden",
        "tableRef": "_id",
        "placeholder": "Enter name",
        "id": "input1",
        "validation": ["required", "trim", "unique"],
        "url": "",
        "model": "_id"
    },{
        "name": "Name",
        "type": "text",
        "tableRef": "name",
        "placeholder": "Enter name",
        "id": "input1",
        "validation": ["required", "trim", "unique"],
        "url": "",
        "model":"name"
    }, {
        "name": "Description",
        "type": "tinymceImage",
        "tableRef": "description",
        "model":"description",
        "placeholder": "Enter Description",
        "id": "input1",
        "validation": ["required", "trim", "unique"],
        "url": ""
    },{
        "name": "Status",
        "type": "select",
        "tableRef": "status",
        "model": "status",
        "placeholder": "Enter Type",
        "id": "input3",
        "validation": ["required", "trim", "unique"],
        "url": [{
            "value": "true",
            "name": "true"
        }, {
            "value": "false",
            "name": "false"
        }]
    }],
    "action": [{
        "name": "submit",
        "action": "submitOneContent"
    }, {
        "name": "cancel",
        "stateName": "page({jsonName:'viewContent'})"
    }],
    "apiCall": {
        "url": "Metal/saveContent",
        "params": "_id"
    },
    "preApi": {
        "url": "Metal/getOneContent",
        "params": "_id"
    }
}
