{
    "title": "Edit Metal",
    "jsonPage": "viewMetal",
    "desciption": "",
    "pageType": "edit",
    "urlFields": ["_id"],
    "fields": [{
        "name": "Id",
        "type": "hidden",
        "tableRef": "_id",
        "placeholder": "Enter name",
        "id": "input1",
        "validation": ["required", "trim", "unique"],
        "url": "",
        "model": "_id"
    },{
        "name": "name",
        "type": "text",
        "tableRef": "name",
        "placeholder": "Enter name",
        "id": "input1",
        "validation": ["required", "trim", "unique"],
        "url": "",
        "model": "name"
    },{
        "name": "Status",
        "type": "select",
        "tableRef": "status",
        "placeholder": "Enter status",
        "id": "input3",
        "model": "status",
        "validation": ["required", "trim", "unique"],
        "url": [{
            "value": true,
            "name": "Enable"
        }, {
            "value": false,
            "name": "Disable"
        }]
    }],
    "action": [{
        "name": "submit",
        "action": "submitTags"
    }, {
        "name": "cancel",
        "stateName": "page({jsonName:'viewMetal'})"
    }],
    "apiCall": {
        "url": "Metal/save",
        "params": "_id"
    },
    "preApi": {
        "url": "Metal/getOne",
        "params": "_id"
    },
    "sidemenu": [{
          "name": "Metal",
          "action": "sidemenuRedirect",
          "jsonPage": "editMetal",
          "fieldsToSend": [1],
          "callFindOne": "Metal/getOne"
      },{
            "name": "Content",
            "action": "sidemenuRedirect",
            "jsonPage": "viewContent",
            "fieldsToSend": [1],
            "callFindOne": "Metal/getContent"
        }]
}
