{
    "title": "Edit Slider",
    "jsonPage": "viewSlider",
    "desciption": "",
    "pageType": "edit",
    "urlFields": ["_id"],
    "fields": [{
        "name": "Id",
        "type": "hidden",
        "tableRef": "_id",
        "placeholder": "Enter name",
        "id": "input1",
        "validation": ["required", "trim", "unique"],
        "url": "",
        "model": "_id"
    },{
        "name": "Page Link",
        "type": "selectFromTable",
        "option": "single",
        "tableRef": "url",
        "model": "url",
        "placeholder": "Enter Page Link",
        "id": "input1",
        "validation": ["required", "trim", "unique"],
        "url": "category/getAll"
    }, {
        "name": "Background Image",
        "type": "image",
        "tableRef": "image1",
        "option": "single",
        "size":"1920 X 963",
        "placeholder": "Enter name",
        "id": "input1",
        "validation": ["required", "trim", "unique"],
        "url": "",
        "model": "image1"
    }, {
        "name": "Front Image",
        "option": "single",
        "size":"1920 X 963",
        "type": "image",
        "tableRef": "image2",
        "placeholder": "Enter Image",
        "id": "input1",
        "validation": ["required", "trim", "unique"],
        "url": "",
        "model": "image2"
    },{
        "name": "Mobile Background Image",
        "type": "image",
        "option": "single",
        "size":"1080 X 920",
        "tableRef": "image3",
        "placeholder": "Enter Image",
        "id": "input1",
        "validation": ["required", "trim", "unique"],
        "url": "",
        "model": "image3"
    },{
        "name": "Mobile Front Image",
        "type": "image",
        "option": "single",
        "size":"1080 X 920",
        "tableRef": "image4",
        "placeholder": "Enter Image",
        "id": "input1",
        "validation": ["required", "trim", "unique"],
        "url": "",
        "model": "image4"
    },{
        "name": "Status",
        "type": "select",
        "tableRef": "status",
        "placeholder": "Enter status",
        "id": "input3",
        "model": "status",
        "validation": ["required", "trim", "unique"],
        "url": [{
            "value": true,
            "name": "Enable"
                }, {
            "value": false,
            "name": "Disable"
        }]
    }],
    "action": [{
        "name": "submit",
        "action": "submitSlider"
    }, {
        "name": "cancel",
        "stateName": "page({jsonName:'viewSlider'})"
    }],

    "apiCall": {
        "url": "homeslider/savedata",
        "params": "_id"
    },
    "preApi": {
        "url": "homeslider/getOne",
        "params": "_id"
    }
}
