{
    "title": "Edit Testimonial",
    "jsonPage": "viewTestimonial",
    "desciption": "",
    "pageType": "edit",
    "urlFields": ["_id"],
    "fields": [{
        "name": "Id",
        "type": "hidden",
        "tableRef": "_id",
        "placeholder": "Enter name",
        "id": "input1",
        "validation": ["required", "trim", "unique"],
        "url": "",
        "model": "_id"
    },{
        "name": "name",
        "type": "text",
        "tableRef": "name",
        "placeholder": "Enter name",
        "id": "input1",
        "validation": ["required", "trim", "unique"],
        "url": "",
        "model": "name"
    },{
        "name": "Image",
        "type": "image",
        "option": "single",
        "size": "429 X 401",
        "tableRef": "image",
        "placeholder": "Image",
        "id": "input1",
        "validation": ["required", "trim", "unique"],
        "url": "",
        "model": "image"
    },{
        "name": "Video Url",
        "type": "text",
        "tableRef": "video",
        "placeholder": "Enter Url",
        "id": "input1",
        "validation": ["required", "trim", "unique"],
        "url": "",
        "model": "video"
    },{
        "name": "Testimonial",
        "type": "textarea",
        "tableRef": "description",
        "model": "description",
        "placeholder": "Enter Name",
        "id": "input1",
        "validation": ["required", "trim", "unique"],
        "url": ""
    }, {
        "name": "Status",
        "type": "select",
        "tableRef": "status",
        "placeholder": "Enter status",
        "id": "input3",
        "model": "status",
        "validation": ["required", "trim", "unique"],
        "url": [{
            "value": true,
            "name": "Enable"
        }, {
            "value": false,
            "name": "Disable"
        }]
    }],
    "action": [{
        "name": "submit",
        "action": "submitTestimonial"
    }, {
        "name": "cancel",
        "stateName": "page({jsonName:'viewTestimonial'})"
    }],
    "apiCall": {
        "url": "Testimonial/savedata",
        "params": "_id"
    },
    "preApi": {
        "url": "Testimonial/getOne",
        "params": "_id"
    }
}
