{
    "title": "Edit AboutUs",
    "jsonPage": "viewAboutUs",
    "desciption": "",
    "pageType": "edit",
    "urlFields": ["_id"],
    "fields": [{
        "name": "Id",
        "type": "hidden",
        "tableRef": "_id",
        "placeholder": "Enter name",
        "id": "input1",
        "validation": ["required", "trim", "unique"],
        "url": "",
        "model": "_id"
    },{
        "name": "name",
        "type": "text",
        "tableRef": "name",
        "placeholder": "Enter name",
        "id": "input1",
        "validation": ["required", "trim", "unique"],
        "url": "",
        "model": "name"
    },{
    "name": "Banner",
    "type": "image",
    "tableRef": "banner",
    "option": "single",
    "size":"1920 X 963..",
    "placeholder": "Enter Banner",
    "id": "input1",
    "validation": ["required", "trim", "unique"],
    "url": "",
    "model": "banner"
    },{
        "name": "Description",
        "type": "tinymceImage",
        "tableRef": "description",
        "model": "description",
        "placeholder": "Enter Description",
        "id": "input1",
        "validation": ["required", "trim", "unique"],
        "url": ""
    },{
        "name": "Status",
        "type": "select",
        "tableRef": "status",
        "placeholder": "Enter status",
        "id": "input3",
        "model": "status",
        "validation": ["required", "trim", "unique"],
        "url": [{
            "value": true,
            "name": "Enable"
        }, {
            "value": false,
            "name": "Disable"
        }]
    }],
    "action": [{
        "name": "submit",
        "action": "submitTags"
    }, {
        "name": "cancel",
        "stateName": "page({jsonName:'viewAboutUs'})"
    }],
    "apiCall": {
        "url": "AboutUs/save",
        "params": "_id"
    },
    "preApi": {
        "url": "AboutUs/getOne",
        "params": "_id"
    }
}
