{
    "title": "Edit Blog",
    "jsonPage": "viewBlog",
    "desciption": "",
    "pageType": "edit",
    "urlFields": ["_id"],
    "fields": [{
        "name": "Id",
        "type": "hidden",
        "tableRef": "_id",
        "placeholder": "Enter name",
        "id": "input1",
        "validation": ["required", "trim", "unique"],
        "url": "",
        "model": "_id"
    },{
        "name": "name",
        "type": "text",
        "tableRef": "name",
        "placeholder": "Enter name",
        "id": "input1",
        "validation": ["required", "trim", "unique"],
        "url": "",
        "model": "name"
    },{
        "name": "Tags",
        "type": "selectFromTable",
        "option": "multiple",
        "tableRef": "tags",
        "model": "tags",
        "placeholder": "Enter Tag Name",
        "id": "input1",
        "validation": ["required", "trim", "unique"],
        "url": "tags/getAll"
    },{
        "name": "Views",
        "type": "text",
        "tableRef": "views",
        "placeholder": "Enter Views",
        "id": "input1",
        "validation": ["required", "trim", "unique"],
        "url": "",
        "model": "views"
    },{
        "name": "Desciption",
        "type": "tinymceImage",
        "tableRef": "description",
        "placeholder": "Enter Desciption",
        "id": "input1",
        "validation": ["required", "trim", "unique"],
        "url": "",
        "model": "description"
    },{
        "name": "Image",
        "type": "image",
        "option":"single",
        "size": "351 X 239",
        "tableRef": "image",
        "placeholder": "Enter name",
        "id": "input1",
        "validation": ["required", "trim", "unique"],
        "url": "",
        "model": "image"
    },{
        "name": "Banner Image",
        "type": "image",
        "option":"single",
        "size": "1920 X 963",
        "tableRef": "bannerimage",
        "placeholder": "Banner Image",
        "id": "input1",
        "validation": ["required", "trim", "unique"],
        "url": "",
        "model": "bannerimage"
    },{
        "name": "Mobile Banner Image",
        "type": "image",
        "option":"single",
        "size": "1080 X 920",
        "tableRef": "bannerimage1",
        "placeholder": "Mobile Image",
        "id": "input1",
        "validation": ["required", "trim", "unique"],
        "url": "",
        "model": "bannerimage1"
    },{
        "name": "Date",
        "type": "date",
        "tableRef": "date",
        "placeholder": "Enter Date",
        "id": "input1",
        "validation": ["required", "trim", "unique"],
        "url": "",
        "model": "date"
    },{
        "name": "Video Url",
        "type": "text",
        "tableRef": "video",
        "placeholder": "Enter Url",
        "id": "input1",
        "validation": ["required", "trim", "unique"],
        "url": "",
        "model": "video"
    },{
        "name": "Status",
        "type": "select",
        "tableRef": "status",
        "placeholder": "Enter status",
        "id": "input3",
        "model": "status",
        "validation": ["required", "trim", "unique"],
        "url": [{
            "value": true,
            "name": "Enable"
        }, {
            "value": false,
            "name": "Disable"
        }]
    }],
    "action": [{
        "name": "submit",
        "action": "submitDoctor"
    }, {
        "name": "cancel",
        "stateName": "page({jsonName:'viewBlog'})"
    }],
    "apiCall": {
        "url": "blog/savedata",
        "params": "_id"
    },
    "preApi": {
        "url": "blog/getOne",
        "params": "_id"
    }

}
