{
    "title": "Know Your Catalyst",
    "desciption": "",
    "pageType": "view",
    "sortable": "KnowCat/sort",
    "fields": [{
        "name": "Name",
        "type": "text",
        "isSort": "",
        "tableRef": "name"
    }, {
        "name": "Banner",
        "type": "image",
        "isSort": "",
        "tableRef": "banner"
    },{
        "name": "Status",
        "type": "text",
        "isSort": "",
        "tableRef": "status"
    }],
    "action": [{
        "name": "edit",
        "icon": "mode_edit",
        "color": "blue",
        "action": "redirect",
        "jsonPage": "editKnowCat",
        "fieldsToSend": ["_id"],
        "callFindOne": "KnowCat/getOne"
    }, {
        "name": "delete",
        "icon": "delete",
        "color": "red",
        "action": "apiCallConfirm",
        "title": "Delete KnowCat",
        "content": "Are you sure you want to delete KnowCat?",
        "api": "KnowCat/delete",
        "fieldsToSend": [{
            "name": "_id",
            "value": "_id"
        }]
    }],
    "apiCall": {
        "url": "KnowCat/search",
        "params": ""
    },
    "createButtonState": "page({jsonName:'createKnowCat'})"
}
