{
    "title": "HomeSlider",
    "desciption": "",
    "pageType": "view",
    "fields": [{
        "name": "Image",
        "type": "image",
        "isSort": "",
        "tableRef": "image"
    },{
        "name":"URL",
        "isSort": "",
        "tableRef": "url"
    },{
        "name": "Status",
        "type": "status",
        "isSort": "",
        "tableRef": "status"
    }],
    "action": [{
        "name": "edit",
        "icon": "mode_edit",
        "color": "blue",
        "action": "redirect",
        "jsonPage": "editHomeSlider",
        "fieldsToSend": ["_id"],
        "callFindOne": "HomeSlider/getone"
    }, {
        "name": "delete",
        "icon": "delete",
        "color": "red",
        "action": "apiCallConfirm",
        "title": "Delete HomeSlider",
        "content": "Are you sure you want to delete HomeSlider?",
        "api": "HomeSlider/delete",
        "fieldsToSend": [{
            "name": "_id",
            "value": "_id"
        }]
    }],
    "apiCall": {
        "url": "HomeSlider/search",
        "params": ""
    },
    "createButtonState": "page({jsonName:'createHomeSlider'})"
}
