{
    "title": "Pricing",
    "desciption": "",
    "pageType": "view",
    "sendIdWithCreate": true,
    "fields": [{
        "name": "Paxcabin1",
        "type":"text",
        "isSort": "",
        "tableRef": "paxcabin1"
    },
    {
        "name": "Paxcabin2",
        "type":"text",
        "isSort": "",
        "tableRef": "paxcabin2"
    },
    {
        "name": "Paxcabin3",
        "type":"text",
        "isSort": "",
        "tableRef": "paxcabin3"
    },
    {
        "name": "Text",
        "type":"text",
        "isSort": "",
        "tableRef": "text"
    }],
    "action": [{
        "name": "edit",
        "icon": "mode_edit",
        "color": "blue",
        "action": "redirect",
        "jsonPage": "editPricing",
        "fieldsToSend": ["_id"],
        "callFindOne": "WhatsHot/getOnePricing"
    }, {
        "name": "delete",
        "icon": "delete",
        "color": "red",
        "action": "apiCallConfirm",
        "title": "Delete Pricing",
        "content": "Are you sure you want to delete Pricing?",
        "api": "WhatsHot/deletePricing",
        "fieldsToSend": [{
            "name": "_id",
            "value": "_id"
        }]
    }],
    "apiCall": {
        "url": "WhatsHot/getPricing",
        "params": ""
    },
    "createButtonState": "page({jsonName:'createPricing'})",
    "sidemenu": [{
          "name": "WhatsHot",
          "action": "sidemenuRedirect",
          "jsonPage": "editWhatsHot",
          "fieldsToSend": [1],
          "callFindOne": "WhatsHot/getOne"
      }, {
          "name": "Images",
          "action": "sidemenuRedirect",
          "jsonPage": "viewImages",
          "fieldsToSend": [1],
          "callFindOne": "WhatsHot/getImages"
      },{
          "name": "Video",
          "action": "sidemenuRedirect",
          "jsonPage": "viewVideos",
          "fieldsToSend": [1],
          "callFindOne": "WhatsHot/getVideos"
      }, {
          "name": "Pricing",
          "action": "sidemenuRedirect",
          "jsonPage": "viewPricing",
          "fieldsToSend": [1],
          "callFindOne": "WhatsHot/getPricing"
      }]
}
