{
    "title": "Reaction",
    "desciption": "",
    "pageType": "view",
    "sortable": "Reaction/sort",
    "fields": [{
        "name": "Name",
        "type": "text",
        "isSort": "",
        "tableRef": "name"
    },{
        "name": "Status",
        "type": "text",
        "isSort": "",
        "tableRef": "status"
    }],
    "action": [{
        "name": "edit",
        "icon": "mode_edit",
        "color": "blue",
        "action": "redirect",
        "jsonPage": "editReaction",
        "fieldsToSend": ["_id"],
        "callFindOne": "Reaction/getOne"
    }, {
        "name": "delete",
        "icon": "delete",
        "color": "red",
        "action": "apiCallConfirm",
        "title": "Delete Reaction",
        "content": "Are you sure you want to delete Reaction?",
        "api": "Reaction/delete",
        "fieldsToSend": [{
            "name": "_id",
            "value": "_id"
        }]
    }],
    "apiCall": {
        "url": "Reaction/search",
        "params": ""
    },
    "createButtonState": "page({jsonName:'createReaction'})"
}
