{
    "title": "View Content",
    "desciption": "",
    "sendIdWithCreate": true,
    "pageType": "view",
    "fields": [{
        "name": "Name",
        "type": "text",
        "isSort": "",
        "tableRef": "name"
    },{
        "name": "Status",
        "type": "status",
        "isSort": "",
        "tableRef": "status"
    }],
    "action": [{
        "name": "edit",
        "icon": "mode_edit",
        "color": "blue",
        "action": "redirect",
        "jsonPage": "editContent",
        "fieldsToSend": ["_id"],
        "callFindOne": "Metal/getOneContent"
    }, {
        "name": "delete",
        "icon": "delete",
        "color": "red",
        "action": "apiCallConfirm",
        "title": "Delete Content",
        "content": "Are you sure you want to delete Content?",
        "api": "Metal/deleteContent",
        "fieldsToSend": [{
            "name": "_id",
            "value": "_id"
        }]
    }],
    "apiCall": {
        "url": "Metal/getContent",
        "params": ""
    },
    "createButtonState": "page({jsonName:'createContent'})",
    "sidemenu": [{
          "name": "Metal",
          "action": "sidemenuRedirect",
          "jsonPage": "editMetal",
          "fieldsToSend": [1],
          "callFindOne": "Metal/getOne"
      },{
            "name": "Content",
            "action": "sidemenuRedirect",
            "jsonPage": "viewContent",
            "fieldsToSend": [1],
            "callFindOne": "Metal/getContent"
        }]

}
